<?xml version="1.0" encoding="UTF-8"?>
<classpath>
	<classpathentry kind="src" path="src"/>
	<classpathentry kind="src" path="gen"/>
	<classpathentry kind="con" path="com.android.ide.eclipse.adt.ANDROID_FRAMEWORK"/>
	<classpathentry exported="true" kind="con" path="com.android.ide.eclipse.adt.LIBRARIES"/>
	<classpathentry exported="true" kind="con" path="com.android.ide.eclipse.adt.DEPENDENCIES"/>
	<classpathentry exported="true" kind="lib" path="E:/material/UDEL/eye-see/project/Cognitive-Vision-Android-master/Cognitive-Vision-Android-master/Sample/app/libs/gson-2.3.1.jar"/>
	<classpathentry exported="true" kind="lib" path="/android-support-v7-appcompat/libs/android-support-v7-appcompat.jar"/>
	<classpathentry exported="true" kind="lib" path="E:/material/UDEL/eye-see/project/Cognitive-Vision-Android-master/Cognitive-Vision-Android-master/ClientLibrary/lib/supportlibs/commons-io-2.4.jar"/>
	<classpathentry kind="output" path="bin/classes"/>
</classpath>
